achang,73208ef13d1b9c9f99cbcd9648313e32,1
greenwilliam,2693b3c4e5a756555254d8b845d85421,0
thull,01cbaad985c7c7fb87f2f340f600d8b6,0
nhoward,eb16ba4151a6e8dd8f9c83ec815e6de8,1
juancampos,57689b45a208d858e6feaf59f3f9d66f,0
vanessa89,6bc9018233118696f67da4966750d33a,1
kyleblair,461fcdc144c413369875f74ae4e251e8,0
thomas15,39c88a7e8c82534f4e19cb690925def5,0
ostewart,4c1924903f120c7cfc074e2ad3b8fac5,0
tammywoods,dc18525a9cc55d17a11c4ae5ad6704e3,1
bryan80,0c4609779188c22c747dad6bc4f944e9,0
cortezraymond,2911846e5f21fa84405042909103584c,1
salazarmaria,42c621910c8fb53d453d7911f4ebba39,0
john51,ff3da2b595877298d3d214446f161c7c,1
sallywalker,ccac44fe22a4951c754b958e1d2853e5,1
lindawest,21a484be777807ee0bd7c380f51d9755,0
kaisernancy,ff399760fae06fb6b1457371acaefac9,0
jrodriguez,a1e6df9cd2b56818b19dfeec50f63448,0
jasmine85,f50f108e3233eadf7a9dc62fb3e91f95,0
tamaramorrison,cd6004e1b50d90963458542fea521177,0
sean96,e35b58aaced856d2581b062440a6882d,1
barbara42,9745a140b8acd1af40d74d1de0c3869d,1
lorijohnson,a14843c393d5b3ed7516738926b91e66,0
thomas12,f2a33f45637aaeda78aa5c74ced80403,0
sandrakirby,cd4490daa0ee5e2eae6773ad426985b5,1
hmassey,5d0fcda09acfca266175a4397e91c246,1
aimee33,76c92e71bb495ecb60cc4f5ff103e58a,0
criley,17054ded4764c9d339e6003e5a6c9eca,1
skeller,4856b52cf3a66048f94f9503edbed5dd,1
christopher91,f549e560b8ab72145ac9e7cfebb6e5e7,0
vmatthews,ccadd39eeb9011f1d29d9dfd3180b1a3,1
johndennis,b55a49b1fe68ebf7a49e61b543c72b75,1
thorntonnathan,084bbdf09b4fe253c2cb905e25e518bb,0
marvincabrera,2dc94b429cbf50d325e494b86f18f932,0
loganmelissa,20eda7db185e580ec93c5ef9f5a37ef9,1
brandonberry,dce402d80874c0267d7b999b17c52e02,1
johnsoncynthia,d0c1e2d112cbc93bb1ea6f98afc9cfa6,0
myersmitchell,157d687180f43ae74b4650beef5882f1,1
johnsonandrew,aeb92ba83044bd95dd2944a476c4adb0,1
jennifermendoza,43f7a2f1fb59f28f3e324811ee58cc66,0
gilesandrew,3525c1813a244fbb69edd3019799ca7d,1
qoliver,1ff9c06f917d118a0616f21401be8108,0
walkerdeborah,31c132d2876b0fab68e78010b0aa2553,0
ryan08,375f1b92b7a357767be9ea61d8f65db8,0
gwilliams,e533309c0615a2bf635baeb818f17832,0
wgonzalez,17e5fc785880648d17d65f5e88fa8235,1
kmassey,d9b800c1b0e8cfe3dcdc6233838a330f,0
heidiharris,f387845abe84f8b84cb25aa13e6029b1,1
kramereric,a674eb38f6f0a04667fafa9ef69520b9,1
matthewking,e12cc421d14e6b72a432cab59798bc97,1
awade,653910b73bb75fb6d4e0cc9ce038b0e3,0
kmaldonado,cfe58e803585c0928b6a2b24c6bbc9ae,0
deborah64,055cc398b79192876d67e348fa2af910,1
annsmith,8816d5175bef19d091151ff059c1eb49,1
rogersbrandon,c778e0c75b3e1a6a0008d2ff9e6094e8,1
dennis75,992d9f9021a7d06144514b235a119db7,0
emily99,538ffcc38682b822e6ef573022c94755,1
jenniferhughes,11f67512eabedb18cb4f2beafee72ea7,1
fpoole,d2ac02464d75ddbe1e81a94cd1016e6e,1
wheelerholly,5fb1ef50a86fe38f190dc8cece55fe20,0
johnwalsh,3ce76e925ab53758675c2bd2290a1313,0
rpage,dd0cb23ada6adf45eb63e28204fd0ab5,0
sjohnson,72a6cb580bc068e4df0faa29afab7849,1
tbarton,adefcd8e2fcddd08a7fd4e3a65dcc545,1
martincaleb,5ec409680c0b2246fb6bc873565ea739,0
seandyer,80cd1abd39c2ece54b3be621e7ef8180,1
hensontroy,6262a3008ef11d9cb4f7ca8f98350696,0
mary06,33bb9314d68a2f0ba3c2ad9327eee05c,0
amymccarty,094f3ce1b5abf2344a8fcc5be821d696,1
monroedavid,a7a71537aac50ef4d1f2e06bdb94bf5d,1
moraleserika,c587080e4df37b44ae640d072d06da3a,1
aaron00,6b08b39a269e5b69326def434582f6f8,1
leecharlene,ec974a712bb083e40747605511eb1afd,0
morganramirez,442ec0508c54b9c2db5d35d8f74d02ea,0
craignash,eb2235fe2cdf66fa28310686b9b6a593,0
bburton,83a38153cd81e055b97172dac68d6ab0,1
robin14,6b05290d338861df5f91ceff66a8202a,1
desireeroth,c7ae8f6ac76570a107d557f079411cec,0
darin24,73f465f1c7674567c16f3de5b47d4ae6,0
williamsjamie,0e6b34624342554c29ac744123bd4ad5,1
angela59,38297f1d3e39f16f196eaa575cc6d7dc,0
mathissusan,38d74fec6d03f6abea6fac89742a3b7e,0
djoseph,ca61e7e84b7fe57b3a5e09647aa810d0,0
iwatson,afae8a863f30b309a70e8c71f9bce81f,0
jaredmatthews,2a23de21585deb77f595732dc88a59a4,1
taylorjoseph,0d32b5ca43dfbbec95eea9edca9aeb36,0
kristine15,3e774aa1a0b827226460eb28920a4a46,0
williamsfrank,a08a06eeee8670370ae161d46a3ee04d,1
michael82,d08302a0d190867cc90ba90b3089facf,1
danny30,dc0f1d489d7ff464eda3e141dfbb2cf3,1
hayden81,e699d12f97689cd03e3995702293643d,1
richard54,353dbea30e97bbc127892ba55adacba2,0
zwells,86402a33890dc1dc0123d76a563e878b,1
david17,77bcc944379710c5d3892cd7a1babdf5,0
vjohnson,0c671ee63a15d1d5729171957559448c,0
samanthasims,9d377c37c1ce01690f29d76a29503beb,1
odrake,d571d608878e168cdd6b21ed2fbe629d,0
joneschristopher,43ebd644c1b2d431c5f72b44341567fe,0
brucesmith,bf76c2891b07994d2c0db6e26bed1b55,1
shawkins,2fc638c8a3df408861e5181696aec3a3,1
ymora,72b9996bfc33c98f11a49d563e378bf4,0
rodneyrichardson,9d4db118071a9ffab94c8578a29cf5a1,1
brenda26,176675d39e73a8cf0a671ac7e31a9d01,0
michaelbrown,5a86af3c44ad787542603579430214ff,0
leachshannon,f38d8d672f83d1ebc98ec5db2f5fd396,0
davidsanders,4dc62e2f63ab9a66cdb5156b4d3c4014,1
danielleshea,67bafd1ad04f891cdce44716d4bd3a08,0
cindygarcia,1599f1f5ed7a95f32dcd63a05ed605ad,0
igray,5932e20b9b66e4df547fd287e2afdd06,1
danielcarlson,0dfe97d2108fe48ca743619878c4773e,1
zhernandez,bf1facb7b63b2dc05d07185344cbe407,0
frich,91501dc43500a9a5b4fd87b441135bba,1
martha73,64bd2b7bcc7c2f0d0469827852690b8c,0
alecthornton,433bb0df686d223f5ef869b749df8abe,1
lisa08,52c9b69e0d43f030936df250cb2547d8,1
nancymorrison,147aaa4c7f5cc36af4535abb38a3b9f8,0
meganaguilar,43a5b1b60c512d6e86c559d2ce541434,0
fjones,158efac16d52ef0ae7f8b89c700390dd,0
jonesdavid,789486011bfcb1ff8d34f49eb2335e45,1
alexis75,5b270ae1fca04da6f529d479c31dc3de,1
laurenmelton,8d5167fa4ca1f1ab7d740f6a5c3f6cd3,0
gschmitt,d7f157e746eb769a7178e8bf8b508c45,0
gsantana,e65b440ba0e1c076663c2974dda5c1c5,1
berryerika,a7ee74b7eed86f2280d71b682876b26f,0
burgessrebecca,a83c2cb7de3b0d0c1929abd647bfccf7,1
keithsantana,a8caf52ce3263a2c0e2d2f6202f54a33,1
epetersen,978ac4ef7e5d62cfd2b6935040cc331b,0
olawson,1b58fbb5b704f4c9e549aa56ec48f353,1
sandovalaaron,f36ba6afe160dd4bbf4a73a3d799aa9f,1
kevinhudson,cd56d4944ae42482db0c6045661da55f,1
cameron44,94d72687686fb679f9461916cfd0d2d0,1
ycruz,2293f315c8e0514cadf18bd8b9f39ea6,0
martinselena,e6e231261251dc40e0f61b8338885d32,0
justingreer,aceb26d829f5760516c3963fb96f7bb4,0
mcmahontimothy,1a95e1d2a2e397ed2195d49d42cb4b20,0
travisboyer,2045c6caf93c463bc06b6647b400d2af,1
nunezedward,eaf6adb5802818143507fb673bc16d14,0
robert97,f12a27397f9ecb13e811ba28cc30601b,1
gellis,ef6d689eff87b937a518d4da98d5ba03,1
bosborne,691aca34d0fb46bffbd85a5ca3030b6a,1
georgedavid,02f5846dbf1e7b7fa56704dee98ee6f1,1
daniel85,99d4010645f01a1acabeedbc7bcffb38,0
patrickfrank,de5f6f58110f067b911f7f02bf5bb6e2,1
drodriguez,4e5a84d7167673be16d1f552581cedaa,0
vmendez,bb2c9b6082cada7d5bbebe68348a9faf,0
montesjennifer,c645da4b667ef1ca4aae786795c76933,1
kristina26,f4d83814c6b164af63ab5cd0a9e67e9d,0
sabrina18,4236e4996e838e0b78f12ed6e863d76e,0
benjaminmyers,576996338f5af27db09fe57600cb7574,1
katherine75,33f25ef7c935095b18543fae7c5a6d3e,1
huberrachel,941002fc2fd4d4eaf53990ef75e4636a,1
tuckerrachel,473f271503ffa2557449d16ab9f81ec1,0
jerryfrank,256e697827464398a01cd87de60bf66f,1
hhunter,e8e1586963682528470faf8b951b479d,1
ronaldknight,a853dd395ae7fff344cefee2a3a5535b,1
wallsrobert,3c5c0958c8307f8808d650dd3841cc7f,0
perryeric,f3f56534d577bc7126c8b36ad1d7086c,0
moodyryan,f6c6523248fe774fd59b2f4ee5e09c86,0
ujohnson,6564aa3a1ce9d39d6f2ae33bb1017324,0
christian11,20ff4ec8c8edbfd84fdf20d5621ea0e5,0
heather55,7fec23f6854a928dc5e36c9755b991ef,1
alejandromccann,bb54725556e942819c32597337c0dad5,1
chad23,d32b26f318eb7f05b2efed809a18a802,0
harrisemily,7419f86c5ff6f78e46830a0ee5f7afa2,1
adkinskelly,357e150a3bd1f1cc363e8e17e868f042,1
cantujesse,d67b9a8c971b2096bb68d45e7af31ef7,1
jacobrodriguez,86f6c43fa43f5128824b7f44f6ddb7d0,0
jasmine42,d330c94fb0b09fc69fe4c50d740bf95f,1
levymichael,3a1605895c57003d9fda5f1f7a5e2d73,0
swoodward,033719892d6c85a29609c18e28f1b70c,0
jack11,8b147201aa8edea826258cea2c74e3b2,0
eric22,b90ab466225f0320e028bcab4650e2db,1
lesliesanchez,35d17c8ec334eba38994d50692e2793e,0
kellybarnes,550d518ae19121141ac02d8fc79fb3e6,1
callahancarolyn,6d790d8031175b1acd9d783d72f8d042,1
emiller,42572aa6d4d9999db1ce0ded25bf869b,0
robertpierce,342e6e07ce20e27395b56437ad4cd174,0
brittanyevans,3441513922dd30dadcc572acf0ab2229,0
christopher75,5a83aacfd9a4dedbf52bb3d2b372ca68,0
bennettalan,a1caa5eacc3070c196a7b2a7e470e25b,1
scott54,238de29c04f0ad5ea66dd827b92deddb,0
ldavis,6ff828185a78ff6359a77d2c96ffb1e3,1
hillangela,64330dd95781bac4be6d8541f9dc50f0,0
lauragriffin,9875c26961e15be16f745c7e2d39107d,0
alopez,9a7a83221ff3f7bc1d44c5df38ea9aa3,1
dthompson,43aa692a06cc82ee442b8c67d69b9b12,1
sharon25,f20637794e975c80e295030f3310c652,0
fwelch,0a3c6fd7f648d70b5011d2104519910e,1
sfischer,23eb1a6551c8756960b71483eedf74af,0
greershane,525ad3792ae35af029d2599ff07717c4,1
tsmith,aad9eb1462ce554f479e52b8a3b5d6d7,0
mackcristina,62820f91c37a0122dcbd33ffc40326d1,0
rogerpotter,29b08018dbbf57775682d59a16fe6fc4,1
gregorykathleen,e0f5e179e040c6efc68c96f7c4122a5c,1
amysullivan,eb9d53332b6b05cb81d196e81b01ab7a,1
martineznicole,5590331155d76d41e3f758ec1497d98f,0
smithraymond,e478e5ad0c2ed2986714b3543e5d7018,1
vwallace,ea6f635452f00bf05cc896b47ec1bc39,1
michael39,466b052bfe2be9920ea868664f7127da,0
johnsonlaura,fc98bc590621ad0d526f981d598050a9,0
amanda18,275c02350e0e296ac4ca9a05605e4dc4,0
pamelagill,f3779ae943ae38b42d98a3fc98597be3,1
perrykeith,92dca08cee8e78c9952d6c88caef3d07,1
audreyburton,67f3f68e0ead1c9e13e47e56b30780ab,1
jenkinscynthia,752d7b53f94b531f9029073aad042eb6,1
yfigueroa,5a1598ad0b14cd77d46f609152558356,1
kelly59,e8a7148132ec09d119c18653e8433736,0
ericterry,7f8a37f8fda1317208485931353bae9c,0
dmorales,02f991d1424c263f921b8a23fb3717d0,1
anitaevans,b18afc046d116de46478d459a1b9fa39,0
nnewton,5af983ef7a9cee4e02b47e40bb4a9a1d,0
gburns,7e42f5d138e75d5ad56fb00c951f491f,1
trevor07,44a0dae45a7d3c33656ecbb18c1913f5,0
douglas70,a19f87161056e42a88b2e1ab2473b826,0
anthonyruiz,11611a18de121b19bf9fc9bc3b836398,1
mathistiffany,4c45b25cc09a3bbb752aba74d9da5be0,0
parksjudy,cb904bfeaa5c463078b2d2d47acac1e3,0
csmith,575b5d24bcfbaabda7bcb536d1556f26,1
oliveryvonne,930c678f374819ffe88b038008526439,0
jessica32,fe2513827137534b8715df6b0673e98d,1
james67,b1a29a6072a9c488f4b2d5d9fa3838f3,0
patrick56,514ab8b8198b451ec94467a1a4433121,1
thernandez,c3f5a8412f41c83691f0e4bd5db42446,1
alexandriaanderson,ccf3adc72b6ec3be7471f9da4e2e7b9a,0
seanclarke,9f391918e0dd8001d7fe7fe2ae254b98,0
fsimmons,cd0b8464479af589116f47e81286ba79,0
yblair,8d4aef7711c61795907caaac10ceb576,1
scottharris,6a19f90b799ca594ba768b7260beb649,0
bullockarthur,f18ae1fe012725f9268049e4b91ad3a8,1
pittsmichael,f2a2c2fb00beea4e0a28371218ae336d,1
jesseevans,c9acc2b2b16a0df82c0042abd60a0c82,1
bushwilliam,0dbf3894af4bde79e6ecd839dbe93f02,0
kelsey56,1db65d195df24cc935452dd1a97df122,1
sbrown,e232d3f3af6b7b5c6a6454931143225b,1
fcarpenter,29b119834cdc68f2fbced93f473d3340,1
janet35,8ed58143b50ebf931e0753ff902fd1a3,1
bobby02,f65f807273627b960e8b412b640fec95,0
adam02,e550788d8c93824b669f777857475c59,0
buchananerin,cae9f9159535c593865ad4542e4e411e,1
ogrant,3cc674b716b8bca7d701f88d62383c8b,0
mlee,bb857aa4d5b2f0bc73b30422e4937244,1
obrienchristopher,89bcac2b7f8d9aab6212f3da07ef9451,0
marcus75,30c2fa76a797a1dc87104c6b4ba7f808,0
anthony03,15a68eed55f7d7ca5c3b9265b0ea3319,0
christopher85,6b85237252ed5c82544f6ee8bd497a3a,0
maryking,58301db0c0d1879a23211d60c31948c2,1
larry64,b46b3380027dc92ec483bc14f80b263f,1
tcooper,e17d2412bef4b5be8734858e1449ad48,1
bradleyvilla,473e346608f8ca544c693e96bd0a72f3,0
smithtyler,2c2252ff2238ca7936d5b80e4e06a008,0
zwilliams,97134531f5d89c3d53e9eb86511b8f77,0
dwerner,ad936c592d7c5a6c9c47980ebc5e77c7,1
fwilson,9124c3c0e16848b6610a156c51e5c25a,1
coreycannon,a6b188cea7f3586c392aa0ad0c423344,0
nhenson,2e70ce71c66fa7f15c9b20048ec3a0e3,1
bsalazar,d8d9e2da946488460941ec9ea2e75796,0
lwilliams,43083c9f18046ac3a4b3ea5f3fdb6b7e,1
tracyanderson,2222061a9ebd44a0989874dafa70f253,0
sarah56,c200127c1079686bb390d2cf03724904,1
hawkinsjustin,7b0218e0109d89f6293ec6df0b866ba5,1
jenniferwaters,81e4ea5ebc7264cceb29b536869e1d3d,1
qherrera,2612e293bbe538b435b3080659a97ebe,1
jesse19,f2bbfdbdcd931cda2211a00828fe7606,0
thompsonrobert,9fc98af4a5ca5ab7b9aa674306f89065,1
justinfitzgerald,14bca7c5f5db9678e4f29a7f70d432ab,0
harmonzachary,59d1d7f70f78105710c71387b9a1a421,1
martinezdeanna,6e9a8b62fadb6fad5914a80f9738cdc4,1
maddoxannette,b89ee87ef27f27447510ce6f4a19e82f,1
emilywarner,7a1f1b72e24de2f95e5a23bcf1f35a03,0
jeffrey31,f3cdb0914e23a730d6f7897e467bd2bd,1
emily35,46768b8683303fed70b06301c24d0bb6,0
kmitchell,08363c24a03a2c6c1006edba1e44b458,1
lisatran,10b15c38551b33df8cbfd16759afa08f,1
michael02,7215136b7a9751fd71eb87814452012c,1
lmoore,5c46828e6adabd61fc70d420bd0510b3,0
taylorjamie,c68402d0bdbc151239b7865fb07c0b1d,0
shudson,39a7f816293452c0b64be1bdd3061861,1
joeanderson,df59c3efa56ffde3eff858eef0d91503,1
kathleengomez,7ad0bf74ca6b0d563367333476887f06,0
cristinalester,e598ce3624b2e859855e754a884d4325,1
jensenanthony,c5fdd401803b439629c38d452f36d798,0
tracy40,56974a528f8c694bfc646de10df55933,0
angelamartin,ccc55b223604046ab838b48f57ca22c2,0
vlamb,6a7150c3243ccb26de38a559d2f82826,1
tpayne,4d01ceb9f3208386e4eddb6defe4406f,1
greencassandra,379e019234bb8ed79e8cd2ed401d6fcc,1
lorrainefloyd,2375a8e852ae0db6bd6e1d70043bd58c,1
nacevedo,d43b3412fcc72d0e8926eb8928f0d79c,0
edwardsjulie,b4a8b1b625f620a14d20ebcbacaf5d72,0
matthewalexander,0f8f1fbddc1b2733e932ecc2209eb737,1
jordanpowers,cf8018247da7397889cc8831266fe631,1
andre98,1dd6b682572e345617e7dcbbb3247e1d,0
oconnoredward,b051811a48c2dc48866963aa07514f45,1
henrybryan,d7ff16c7990a671e0ac354c35c2779b9,0
bradyperez,169877c71cec1cdd3aaca40f5977673e,0
carl05,cf44bfe6fe48c9cefc3acfa8b9da3059,1
ntaylor,39f380cfb3952405d0c2d52f2a894aa3,0
wgraham,aa35e84143853404e2f7a407b99a72c3,0
gregory56,df94663fbab8486df941ab94359cf301,1
qsmith,fd8ebb9af4ed436349357c419da9a2e7,0
kmalone,3a251c059c21df0fa628c00c390a2600,0
ortizpeter,2c03832bde66aa429e8bbe75bb5f6136,0
masonchristy,f4b6cc0a1ecb49ec8cc34f7cb675a006,1
christopheryoung,0b31dc865e42108663803560f9f44988,1
johnjohnson,3c695f08edcdedc4b030e33b0bcce2a5,1
juliamassey,847dc3ac6f60209e101058ff6cf137ae,1
jennifersimmons,fda77e3f1afe88c0b3c732a0105a601f,1
oliverstephen,6aed2e136f53e45d82ae8251c124eb7e,1
christinawilliams,47bc7219b36a5bf40e2586e6b79f4617,1
linda60,e88756f7b7a803ea2ff2958f41f673be,1
crawfordmichael,fb8a901d9241e43165ad10ead72b4ecb,0
stephenromero,cb9fa581c4e3ec162205d8b2dcd6dfe1,0
jillsullivan,b930bf9adc74aa249c423a0fc0c61ce0,0
alyssa48,a86b648ef400ababf415b32cd9957f40,0
xmadden,84d500ce2b508794f73d4adacc84f403,1
sarah07,39cebc50e2decb497894195ddaf3966f,1
zgriffith,2ac7f7c16313790777ed99f4daed4bb4,1
tyler04,e8f724959b53ded74e16cb42ec7ae16c,1
kingerin,902c4c7f3dc2aa126f9d30965cb7f085,0
wanda38,7ad297c150d06becae26f3e5194e3f85,1
paul43,4b0925ca9a50c292b525f00857cf8536,1
knightmark,2579e78e426602bcd33b83fbb8c5f2c5,1
brendacortez,13d1d723315f98790eca36b257c66337,1
francisco25,73e9fe7d5b2987c5bb1c85af0344f75a,1
richardsbrett,b022da272732948a0cd35ef5b02c2036,0
stephaniecox,7afbffa342ac1aea80c16f4720cdcb15,0
marcus69,055ba7493d3aceb7c465500b6a206fa1,0
aarcher,3c1d63539cf435ba552f9f386a7db30a,0
ashleyramos,28b7576ea9235d2650da3381c1e2ec74,0
sarah74,59eb6b17fe8a91a93fbbbf1d44f18f45,0
chadboyle,72b91a0ab66c8d01846093be389b16e5,0
stephanie28,3cd504a436e398be242d40195f85f26a,1
bryanfowler,6d5956a8d30f03dad8645fce08f52c93,0
davidcrystal,abce8b7131bedb59ed32125d8afbc2e7,0
rfischer,fe53df723aac78dd6f44672707a06d52,0
justin64,536524662c2462300388962337d3c394,0
amanda85,7157141fc8682aa3b9d0753ba33f2657,1
james62,507d6b81759ff2d302ec9500fa706e47,1
bradyeric,f8b8cd268691e70a6b2d5f61068a5017,0
cward,451637e37fc9d85ded029a0fcaf47168,0
zfields,440ea85ed16a33725ecd83a6d5004eac,1
rachelcox,fc2837e3d4d2f307f32f28b5dee5e3f5,0
erinmccoy,bb4cfa110640d20e8dbdc449ef530414,1
vsmith,88aa92e464551c780038dea3a3e7e722,1
ashleyallen,48e0e69dcf9e96e49fef321465fdb999,0
sierrahouse,abcd7abb82995b9e643d677a3bc2e309,1
berryjoel,0e58e766247f28ac817823508ec1e1f8,1
zshields,15004b0fbe7632bb6b2ca9bedf7ed139,1
rubiofrank,941f3fec6beab3220a02a64e309a74c6,0
reillycynthia,e2b7f96cb8e734ea4141c00c2fef08ef,0
johnny59,c8c38cd02571da8de6b30e60ff88353c,1
christopher07,48b84f388c43e68b55bdddb7bffe1685,1
farmerjames,36bdeeac9d6f7e5f7c1663f297ed2c91,1
xhughes,2da3e7a00203c3188b107ccb0d924e9e,1
cterry,d57e73e691d17055105920412e8619f6,1
kgomez,c0f666e225790971dff1e1be9131f7f3,0
anneramirez,931a96ab8a222b0a3e474ff88a7f171c,1
sanderssamantha,a6f1e5d61ca153823c1e04607f7da2c0,1
bobknight,17c6db14f8cabb3f9d2c48c61509fdec,1
michael13,6dda5640a59866b3d887aaa89a54e56a,1
powersthomas,46bae9bafd3fdd685112cee62b94c310,1
sarah05,e1aa4ee2420ca8d5b06b0aaa5b414ce7,0
wwhitehead,e681bc26418e2407880cd94d066c4d7c,1
richard29,5074fb4f8b0ec2a991930f72bb029f87,0
richardtorres,ecde5709c1c56689c54ad08f741959a8,1
martinpatricia,963290788f4636f152268fd2f1c4fc86,1
tthornton,5978225c428d61cdb82f1917900b60ae,0
blairapril,e1d18cbfbbe8b4271e8494f38e72bba1,0
wherring,2b0705f39aa9fa7f7993c9ba631b00d8,0
millergreg,1c2a9e667bd4b74255f02f8e4e7623fd,0
james45,891bf617fc72e9fd37ddc19c42fb125d,1
kimberly87,d84f9651dcbfdfe07d24cf83a16a3a0e,1
katherinecole,44b8fa5409b11ee455bbf30c60b8dc89,0
benjaminrichards,86191f5a89d95edf608c4daecbb665f8,0
huangleslie,882987882717d520e063212170453b9d,0
leekrystal,62cb3dac573af7affd01328edf523977,1
lisaboyd,95f7f59cd4e62f62445e9a18bcd6dd5e,1
roberta27,b02e31e0872a2f557cca91853eac9e3f,0
stephenslori,261df81032349318449ab85123b3f57a,1
aaron11,311f813914d009429b4fa3563a890992,1
klawson,fa2a2f01fcc890c4f893bc474a85a293,0
yrogers,1579a98776de55cb768e701b331ec839,1
vanessa12,8b81c8021a1e034f7cb445f5c98fd925,0
sara22,bd7338faafb8ffd61c75c19c8691aa0c,1
morgancathy,2c87902864fd54c7327c788266ec11bc,1
gutierrezbryan,9ec2e99237a14b90844778cf693cfb36,0
laura09,21c7734abee0c676e275010630c6bab5,1
michaelconley,ba619e5a830d4dd2c5e3e92ecd097ae7,0
russellscott,c625de18428a8ab5d3d1dfa8aaa0678c,1
emily97,b5104af8793249ec14929867bb0a49f7,0
dwhite,394c7e78653a78bed5d649ca0910a44d,0
james61,f5caabef8e0f25f28f6a11f386df10e9,1
cole05,9a17175e128d1e342e3435d9a9ca4dfd,0
thompsonchristina,bc6433d5dd0cf92ec5ce83a765f3b8f8,0
morriskrystal,715bca6316a6c98d2de1166a9f73e1f2,0
dalvarez,a939923a9eb20bd97c5f0839b19c43f7,0
qgibbs,99149b02e2378a4284a18e06d25d7f95,0
wongcody,b88145dbb496ffd7eae0fae1af632c55,0
cookstephanie,ae863efa71489fbd5fe46194b1efde5b,1
jdonaldson,57c2d9ff8cc0feb20988e99afb32282e,1
susan06,34e23fac1d024fa4d93302a1a3baa0d4,1
eric82,918906ced11f851b3cb14c17068fdd5c,1
gregmccall,10bcfd5dad75a8c9747d3ae441c0a005,1
sherryvilla,fcaa29887e5ab11f7fc1be0f19c9a315,0
sonya76,7025acf541b4741c8774b20a72691188,1
perezcynthia,8c8a4aaeba09a67a5a62f7442fd01fe0,0
george35,1a0121b40d9397d4d3c279f9e99819e4,0
frankfisher,9e1f50d99267186384c18cc041c6c2a0,0
nancy26,a04d8b28943f4487145115a3a20ff074,1
martinbrandy,20e1867dd9279c92fd1959611b78d929,0
lhiggins,9f5234ff56ec4a6e5688faef347fa641,0
andrewholloway,06723b672d6acec3da11cb141c65515d,0
johnsonkimberly,d810f8066a9389c93682aef043cfbeb8,0
berrydylan,6f5f18b35fd583872d3e12b850fcbbb2,0
emilyjames,6fdccb6d290f521ebc6551a9e023f535,1
barnesashley,8ede291113ae706f610767f4a6b7dcbc,0
jennifer25,0129f2972e6bb9d1773c29d31273c3ee,1
amandajones,de0ea0aa323493e981f36a579c6dd335,0
wknight,f472df135b7e7bb0bc413e1450e8dc99,1
reynoldsryan,de42801cacc3bf2a13e9b5dfa215ecca,1
zjames,54a64a0dcec4a4e37e04f4adab4fd9a0,0
deannasanders,760f4103e2a5c2da97883fcf75a2ce45,1
houstonwhitney,cfda5e03635e2745ae9e06f7b8942e80,1
amy99,0da617f0515b5942cbf73036c1a0059f,0
rmcdowell,d962d8fe73bd684acca0a7c207b9c154,0
carrmichelle,2e4144832248329056eaf631bb72a200,1
gmaynard,af291cf7b574c1789ef23f253700e8f5,1
thomasphilip,9c0a91a47c529afb422d240d2514b5a0,1
zsimon,25ae4ca4056eae0d46e00bc4f7916619,1
tmiddleton,11173c659f7e34b2db4ddbcf5ae33bca,0
kmunoz,c75f2cc2cfb0729295a747c25ba77013,0
matthewjenkins,95d3fe172104d151f4a88b82ce617b92,1
kathleen15,13bf59aca688446850704b04155c7aef,0
douglas57,4a684d518fbb5af990bfb7680826879a,1
gonzalezsusan,4001545f58290dc1944e6dea730e7283,0
jennifernguyen,a78abe39a890f143420dab1a5c966013,0
swalters,8b5de08fbfeddb55f86a800c527bb976,1
ajohnson,019c098653f4610521828ec4d3179602,1
nicholas35,75c04082466cc3f5dd6b707baea3050f,1
davidaustin,1d3ce867ca96e379af2ea980c04d53da,1
anthonyray,eab8899cfec257ef3b41467978669996,0
tjones,58c1dfbe34a7a862766eb12be64dbd93,1
stricklandamy,ca9c99f1107a2614b69c6b7f956556b1,0
garyclark,c60c340c7b3f4bebefd538486be42cf0,0
anthonytaylor,73549e62dbd612d757fede74e6a21f4e,0
nkelly,d98cd2ca880966d34bd8b3c7481a70a9,0
jennifer51,ec4fdfcce722e26c69c0e09b2590df88,1
qayala,c8e4c4b1c548d9bd81cf533718ecd282,0
matthewmason,ad33da30b7bcfde956e8412fec3e7698,0
amanda26,060061033cf99d7292448bb486889320,1
jimmy65,064b5f9077580c58f77ffdf1d18106a4,1
gfry,acddff868b42bdd6fd8b62aa7ba7a006,0
tami61,8bda42aaef57dd01e257d3d1b86b506b,0
dylansilva,4e5b7d61a51e377f23a30f98dd21879f,1
terrydeborah,5216c035e6a3d6020bbf7ab7d751e59c,0
caitlinmorrison,a570e5cbee4265b1e77bfa80b6e5246c,1
adamsjessica,5f8b32cc6d2e769f866809f30a125078,1
nicholasleon,6af90e93ae7e4e40c3a9d4628268f213,1
wilsonmichael,3ede67685f52e9dd6d569af85e858c5b,0
rflores,a9e39de3c1f3440b3510dc8de0a3b7e7,1
swood,601e9627f36384ddc3b29eeb172a20c1,0
elizabeth32,cc694823acf372f0dc826dda7dc62137,1
deleonwilliam,a1b0f1c39a4fdfa38f28a44fb2fb8448,0
anthonyday,923c6dd1dc1b9b4cf0d45e761f7ff1d5,0
natalieholmes,e70d1bfc39167aeecdcdcf9ac3a62615,0
samuelsutton,582a2f593908f174c3f052fa2eda91ed,1
andrew26,2baf0be79ab2b428b5d85da0f66f0fdc,1
nicolecunningham,c79b6b7ab8adae5df61467f454dff504,1
fnoble,dce17868ac04be7a5ff23d55cf406600,0
gcook,3565d4458da23d3610c8e2bcdf56fa72,1
nwilliams,502de95cad0808aa61cbba96070fda50,0
adamswilliam,14ba5580f2319d52cf14857f74efb9cd,1
lkennedy,65108fcb24774e9c981e8513feac8e56,1
ambermoore,5a65e4eb32f15da2af60a4b0b09f3924,1
stephenrivers,4576a1d6e363b338273b40b61d358103,1
along,4b4956b5e24f493a2a67b304a5d26ae8,1
bakerjerry,26d9f9e1059289a99de682529c4f2b3a,1
phillipsmichael,f7de1a9b7da12313e431bb7a27d46e55,0
taylormichelle,b3fe913a19ec9ff0519d6efb2643462d,0
brendagonzalez,e369eb4c610fe787c48b5d0ebe85cbaf,1
atkinsangela,cf59f6779cc1c8cc227524dc99589fec,1
gklein,692400526e3f172ef30a5576bab51b56,1
xhansen,9a6573b648952cb9a4c0ee0fb88b8b01,1
monique03,31ff199e9d1cb6b84c5900f1cbd1d526,1
tylerjoyce,f44f40364924c0aa941b7dba9a7cc298,1
jeffrey75,a5ca56b27fdeddf337c21a42d02d6376,1
christopher49,4db780093f09e84d600645fa5a76fecd,1
xperez,5192368bd3baf59e6ccc2f9045ad6918,0
jvalencia,d671a7f1ed5189f9b6057ed7223ad221,1
keithgonzalez,db35625af8ae4640e5b02f2eb65e8576,0
ykeller,871a583434ee27f47b41c49e15411d98,1
justin92,5a78550bf2e2ec66293ec979fc83c35e,1
moralesvincent,c52bc2d9192f8dd82fa02c73231657f2,0
tperez,19df4d84415d87fbc4f09b1cab74fddd,0
crystal56,78e0c8ec779584e31edf178af7434561,0
michael64,23d29ae215c82be3e8edfe8fa6bf5877,0
castillokelly,2e66768c20123f4d0551e06af820ebb9,0
pmoore,a2f9d6b47f17cb599300f639a753875a,1
sarahmorgan,cef4ffb2c0ef8838ba59924063508afa,0
danielreyes,175825335e55a88a19c56387cad87b6f,1
dmarshall,86acf9c3f02b1b3aeeb6d09ef644f616,1
emmashaw,1d4c31778daa3758a651cac78646ba01,1
hhall,82dcec34775f8e341966835ca7ff29f0,0
davislogan,5daa1cd22cf449384efea806805e6a43,0
lorireynolds,1f9d90cc9f9952f743e78ebb80f85298,0
johnstonbilly,7016feec90a6a2478599b41d91a1e076,1
bakerjessica,ad96ed86ce016ba5c22975b2aa394e36,1
danielrobles,22590f87ae458ee0f5c0ef29b0c31a18,0
anthony00,65fa0f133f7704d7a331c91711b94727,1
inichols,a03c221da9e9ffddac96a73f8c9dffdc,1
underwoodcatherine,e701806a200ddb1dcd1ff204654bfd2f,0
christopherowens,d3090f69729fd70b666a6156ad79a0d2,0
meyerchristine,be88c9b8c9816ed05f62e013dcc744d9,0
ljones,d7f3dff083fb3fc85fc24d5b5bbb1ee3,1
jeremyperry,fcc08b9dc7e77ca71b13c867abeb903b,1
baguirre,b53338a82badd035f4fd9566d1845dfb,1
patrickcannon,ade93dd369aa046e4e4ae8d378c75a39,0
anthony55,948fc44cbd156e3d3e10ec0a1f114f64,1
erica29,58da221fc36ed289c78e5abe4880359c,0
kingdakota,168deacd6fa58396cc2e65d2df836fb9,1
nelsonheather,fe541e24f5625d2990a2cd68b73a953c,1
nicholasberry,278d8cb8b0d96fee1eb5192d815392be,1
james88,4e7fc824a453ca91aac82e565bb255ec,0
hansenheather,12318f25e1c5538ae1c775b42b1bc6cb,0
cmartinez,10cc28e45872eb0555dcd7f66d737895,0
jwhite,d6ce2fd42fdd53fb182ed28d77dde418,0
david46,fd36110853336fa6074a68c941bc665e,0
cunninghammatthew,6edb19355fd054e065176fc400cbd221,1
shawnbell,acf67fc5392af3fdd5d1a5021a572163,1
transusan,b7afa9874de0fa0e9234d3e025b63cc5,0
pwalker,0e3258c5c9c55f2de0e0c3afaee2bc69,0
thomas23,6e8d03b72ce2a60ce08db2e72a9c9dee,0
pcampbell,11811a684939e7e31e5fadc36bedd8d6,0
jgreene,ae3a4c3a59d2684650e7af37bb135aff,0
lopezsarah,67a36c70377a17f0f18ade999df2687d,0
shaheric,c15edeadb07cb9320c5f39da8b4458dc,0
cookchristy,eeeda36242061964c3384b2d09273678,0
katiemcdonald,ed09473acefc83b6a4712359dcf146c3,1
robertlee,e0c775e39fc3dcbf99d2a3349603281f,1
pam83,c661b5f716d54d849d91c880bcc965b3,0
isaac89,1f194e59bc9a579e01d6499c1473f06f,1
shernandez,644b9e1e933276da3bd4abcc86a53827,1
knolan,117fff159e083d4d1ba741dc35695cac,0
carlyjohnson,b2773b41ff8ba7e50fb9255e8e7b9958,0
ustein,77248f12199d6fa45192190508ddf3c6,0
aaronbrown,4a017922f44d1e9f2e39c159d970a1a1,1
scottcraig,f1988636ea46da9f98a74a964a22ae49,1
donnarodriguez,8723aeda7db06a8f78d0b835b8e868cc,1
omiddleton,4a983887432d00087f2ca07bf5de5ba2,0
nicole57,c60659951474c926acd4ec68ada325ca,1
frankgrant,30e1de7af63a60ce187ca6c7fed78830,1
jennifer67,4d517165396b30d8c6bca54ba01b9432,1
meghan71,cf897db908c740eece04f29c140798ff,1
jeffreywilson,9a6309a0d679fddf188497f74c8fbd0d,0
stephanielong,d5e154a7a68aebd2dc1048d5eff9c243,1
nzimmerman,dace49bc342800ffee050e3ff7254dc1,0
janet06,22cbc02f1d977e16c691724cd639a54f,0
christophergutierrez,8f030d71cad7c8bdab0f8cf892f0a64b,1
ofernandez,325e9c00b7109ba1c3511485a022961d,0
yuelizabeth,53bfd9d624e112cff2681c4e2aee7199,0
iparker,6d28a2d9f5097ef6bb26fe19c930cb90,0
millertara,7fa39c50c07ddf2438c198220fe76e01,1
ngoodwin,25bec5f177b299ba25099baf4f5edc3b,0
xjensen,213e9f521d6ccf86713971bef4af35ca,0
christopher03,f1bcecf3524ac797e1b4e84c4fe916d9,0
matthewssusan,abba88e0430b942f94fe571b7bb6d8bc,1
eric41,67799de1b71f748ea3beaf2f7596bf61,0
oramirez,16fc0b29ad3cf2b3e7aed48646a51449,1
gcruz,8c24f0a9410ffed8ecd68b76d21ee8cd,1
jeremy94,0ac337d9cf878514b5aaa078f7ad4dae,0
williamsleslie,4c96af9aa108e84e9ec24317e8d3f544,1
hbrown,de6639c32217eecaeb25b4eff0b776a7,1
ygraham,62a4ca5a1ed4587cdf2b6fef87d41211,1
wilsoncatherine,f391c802173fd864fca5be6ad88ebdbf,1
kathleenmcclure,de7f2d08b8cc99ec77f97e01b69793e7,1
thorntonjohn,acefccfd47a1ce45b6cd31fbf2d0094c,0
joseph15,f28576b7e43ca945944f154ac623d8b0,1
nathaniel38,1a42f856d2a7b056c1a827b6ac20c427,1
morganandrea,e5bcd43053628d13e37a2686048a6b04,0
rebeccaweiss,ff825e98661e751952bf585a356aa142,0
martin51,0623de8953bf7eea963fe524f79ab446,0
wmoses,8e0fc50484c339d19dd1ce909019b13d,0
kingdalton,711727d5f5a6a3bf01f20e670b3805c5,0
callahanbrenda,cd42ed85c77944f006e051a8a003ac74,1
yjohnson,b67b0283a1c707a206ada098a22f8602,0
michaelgrant,2a626847e7e28cbe4070563eca9cdf63,0
wendysteele,cba6505871cdcf4af09086ff697a407c,1
raymondlynch,b2cb4718f18b4156a14b116a9a578140,0
rbailey,2bab19a45c4937525831e6de27f17f76,0
terri83,717fb09c2e2d65ed05119af7ff0a8f63,1
stevenedwards,e76d76cf45d5e329f503d33e026b57b9,0
joshuabeck,fa22ae2107cadcad8d64d8c516f2db86,0
millerlori,586ba8d30f75c49eccaddc3cb1c927ae,1
monica50,7b758ad20c8e0110c5853146dff8e90e,0
carrkelly,25e351209b3909af0c79e501ea052cdd,1
jacksonjoshua,ff4da721233a29f29d1d40340bbb51de,1
williamreed,eccf80b8a8dcbe6e3dd25971e10e3ec4,1
gdavis,e104fe1cfdbf146322f97a8353f8e84d,0
lmartinez,1097d52c12be4d0adc11236356cce6a9,0
lbarajas,d8af6db4d9727de43bbbd8020d35a7c2,0
john64,fcaf8579217642be68ffd1930f7c7d3a,0
johnsonalan,9fa0bfaca0cf660410d22ab91611f30c,0
charles55,5ae8e4e5c4e5ca47557e95bca34f546e,0
brandon38,4b608a8bb0c15fbb1fa8701940621187,0
jordanbrown,5353600faf86794c4a77a0dabf15d1ae,0
lbarnes,4f1a50d98775184aed764721a4e5ac0c,1
jonedwards,53b88db3b01ef91b77c73a06cf3e06fa,1
tpreston,f83665559a86e7834a8b173b908a445b,0
hendersongavin,245608857b25e9e626142eb42fac3f16,1
halllindsey,e3a072e11b3f1aad1b956d6056d1d313,0
fjohnson,d805a6f96c73be90838beab138a4a6ea,1
corey22,b21b810ebf9b901adcf80a9cab2a3e98,1
wsmith,c315f9b071da315074d254e020a6fbac,1
alicia18,f6864a7bc03388a9e4cae7728f601fba,0
vincentadams,30746910787247d06c7e133e04c71a16,1
druiz,968c747ad7349f7aa822e8eb3b4493f4,0
jennadickerson,3dec8da2434ec6c21472632ca8234d86,1
james23,a6f56344e9787e327f98d4b7fb13e3bc,1
kristina28,49dbb81d404c90e8db6e09b89155d5ea,0
amy23,5aab4cae71c665fe52efd554f3f08a85,0
tschaefer,51b13a72366c689ef1a7c4a6c3a955e7,0
johncastro,1fad6ab7233e87b1b2cdf8b57931716b,1
juliewarren,3153edd76a57aa60b1b0850e54ca1ff0,1
lauren07,aedd863ceacfd42733e58d6a723783ae,0
bryanjackson,8e7cc34ba0b1c323e0b8a6d7f331a25a,0
ilewis,058eaa7042db8ee36130c05ca7e1a8de,1
fgarcia,45f687c44d2d5587f751411c439924d0,1
nolanpatricia,1298a5aa3c013ace63c226a9b629dc67,1
nixontonya,b0af14064bcaffa1973ddeec3c016067,0
rcole,39fb19b2e865e5bfb105c3ac15c5c98c,1
qdudley,f3388ca08664395639a23d39f64a76ce,1
escott,a42f0521c72acedf62873da1db55cfb8,1
brendayang,6e520d243a8ab91de0d9af0fe480b8ef,0
gillbrian,ac6944eb27a3f5a3c4bd4638272a7246,0
steelejohn,00f53188c10ecc0a629201b952bf0f1c,0
carolbeard,f349d159895496a31f8432c89974e204,0
alexander25,c0314710c54b38af4f8e4f262c26a6c8,1
michael48,416ecca68aafbf7637282c73775de4e5,0
dennis73,f89f33f5b874a46ebfe273d7756041a2,1
tmorgan,f460ab8b0b2c476dd163c9b1bebf362a,1
staylor,b193dd17d90eb23d677da334793a82ca,0
michael96,a9c6813d7e45428977f9f9e1186538da,1
sriley,df2832007dcde2bdcdf342c83178a3eb,1
emily93,c45096e5a55f8dc6dacf81409394dfaf,0
ryanbaker,2078a900f600f862637bbb39dd8f43fc,0
williammorton,6be8f5e16d7b78179f5e6697e9fe7d34,0
qstark,3e31165bbe518ea7592e85b4cb90eb01,1
pturner,b8c049ad1fc7f3cdaa24be96cd6c979f,0
clarkejames,7aa54eb30ab03c54ea27e04dfe91361d,0
stephen10,f9b025ed4b06e7d7264cf10cb6c6dec9,0
carlafoley,57cac9896481bc890639de9aa6cdad14,1
petersenjay,1116bd9f2255991f55f1fb548a789d5d,1
christinesolomon,28504878a8b6ef413b376e3a9d36f761,1
chelsea40,8a905ceb42ad73e2b475aaf6ad1be191,1
smithsabrina,951dc5cb56d6a06bdafd72ff69a3ba8d,0
mariecollins,f2698e0ecbe46a0968de7a038e192687,1
phillipporter,b62686981a33d55b3ea56f253001bdbc,1
michele19,d308dd4888889f52f1263676b59653df,1
scasey,e16206cc9df19262b79e66a23930b39a,1
tatealexis,127427dcad8a56fb7fd6e0d40e3b3d91,0
michael36,d13e1a726c93649963bcef283ab3faee,1
luisflynn,04006ad3fe77129faa1467dd265d58cb,0
nbarrett,571566241667d0e470bee92ea2e61c56,1
owillis,57babb1a0867b2ada294a975c2375827,0
brownphyllis,5b153c7e24701aaaa51c6cb82232486f,1
lucasdeborah,80b71701f8cf7148510dddb06ae7288d,0
waynebarnes,63e0db5ac17247bad9ab5cf5dd5a4e95,0
cynthia93,8923db0572c3a01bc677a5b56722809b,1
morgandevon,d9301f18fb79a733897c5dfe577644e9,0
todd79,b9b9b437bc41d90ec3612ec21eb6c91a,0
joseph17,e80cd01f6394e1b3bbfb2f3c60b2a859,0
rachaelhunt,5c2548c8e8041a1d9a009df771231244,1
afranklin,f5a45f43ed7d84c1ffaf01c2c9170250,0
catherinebarnes,401c9529bd49c11a8ac8bc05a1e37d4e,1
ginahess,bbae45b961996625611af1e3f0df755d,1
silvadaniel,02d3ef91f0085d759712084973b40df8,1
julieolson,c04a812c6f73d348f2ccaaae426ef62b,1
cohenronald,500028acdb4a33f20e65e2ca75a1b51d,0
kristen58,9678385924869802c69bfde04a88e6e8,1
smithcathy,d1445a2f7f257d3880de6e6781a3a082,0
pamelarussell,d98a7ed7ff7a38ca90694cc528c950ca,0
ublackwell,b8d940f563791b07c91220bbe1f33703,0
christophermyers,ffbbbe31ef40d7253ca7c782c4000c18,1
brandongutierrez,841bad4fa6b4fd04a19f7b5102865a86,1
williamskimberly,4df89364d916bd21cebd7433fe38fe43,1
annwarner,15367ef572d0b6e3a15c42c7916d5635,0
isullivan,37e6a5f2cddee9aaea1f9bce720d520f,1
newtonsean,e759902173f4ab92f3a7aa5872895792,1
annwinters,be2a334cc0a729cbbd24b226239928bd,0
briannajackson,b4da3ab46aed66e773d62226da0d397c,1
raykeith,9f3ab7def8dc427332ec454478935d97,0
jason00,d01dc2f7c785d7dc295a5cfbe8be3d49,1
walterdanielle,0bb6ed25d207d16946e6c7ff4dfe6f3d,1
kendrawall,96f682b353dc8925f7e5d6b925a2ded4,1
shawnawilson,fa2eeed61b1e320896e932d5b2b329e7,1
adam52,c8a5fc26a772f9b20f04043f00622890,0
beth11,6539c5e2d1bb8edbdd95ba7017f6f9a8,1
jamie75,92d250c4e4274874d8ea971558264a26,1
hruiz,cb166b38fc98e2a835a7595de9a85f7d,1
millersamuel,38d02931a19e60045ae60bd3758639ed,1
jdaniels,ae2424ee3f80c93f429807e31a350308,0
ostone,2869bc6211a058828c4873ccbb12ff12,1
dawnpoole,a1dcbc05b549fb66f2386a464a0b8835,0
eddie12,fce700b2c85b8a4eb5ac2a08cd0bd94a,0
austinnewman,d3a5a6329e24cbbc9843ce9438e17077,1
beckalice,6a3e9ff4eef97814f01a5be3de9502a5,1
michael76,fa9222e33d52e4d8d81a7f3b5d8fd9c9,1
julie97,be8724407a514b0db3f4e956f13361ee,0
jesse80,7bf86d8c83ccd347803f2cca15f7346c,1
xharrington,4d758c61534292be0ef10b6de6dd7e59,0
laura03,4c4e284c7a65a15df1af5cad6b311367,0
alvarezmicheal,40c6274e84279c433e62368e22e28cac,0
amystone,4fe920fa526a5950beacf67fa0376428,0
villegasashley,59b1263acae9ae76785bb2444f0fa051,0
dunlaphector,b9d80debae308b4e05a419697f02ac17,1
todd60,3e93ad097a10be2b19566adfa34700ae,1
destinywoods,0bc30bc947ef37a4a1d43f58519b89e8,1
frances20,61a60aa9c4dbb7b1570fa8b5d7bf92f3,0
kfox,9a28a57d4eeee0c481ea3aab238de454,1
rdominguez,09abdaecb9593e2822e93fccf41f8347,0
blewis,882c95f97ae9620c5aaea3ea5aef041a,0
mlutz,35da4fa519023c5500094cc546204a81,1
cherylstewart,d724a7d84b4cf83a05c430f128652b2f,1
tiffany92,e5521365db8f4b220736e38a33dd85aa,0
xmyers,e37a1961b0fe0442b4f5f029e535dd28,0
nphillips,48036a3722590674aa07e98187aec034,1
sydney89,c05985fd89e65ca4e17850260e2dbd2d,1
sheri39,4baddb495d0d9df5efce6b947d0c2cfe,1
claire25,865b60de4a28d02db713135c83309525,1
douglaswolf,7a256ed7aa14fda7a938c33ed522942a,0
amandapage,8b150a7ade17d1ee59e0e7b30c4cbbbb,1
englishsean,fa1b2e06da9d3076f8cf62d2a4c91aee,0
heatherburke,424efc60bca61727380f1a9da23b40f7,0
jenniferdavis,7dac894d588292c2542f96c96ec1de0d,1
sconway,1de9086a88e0d22b687bd6e562668b08,1
mhill,b48950ecd42db3ddac3aceab277f5563,1
megan50,f2110f6050cf9cb7e22f58e2f19a6acc,1
leejames,4539e7c96a9805d2b9060a5565e39efd,1
melanieellis,3d296cfb79320906d5e6f42491f1aa1c,0
walter76,d35e0f2f6a54fa4f8b4c1c89a65ddf16,0
melinda60,265347dc0386ce4f4de1b18ccd496c1e,1
staffordmatthew,06a32eb52c86c5ed7000eb2e97afa8e5,1
kathryngilbert,422b52f69c2c2d8532b6c9262e8ec837,1
aparker,257ca9e7280c86dc90292a2444df5253,1
rbrooks,75ced8d1feb02691f0e0f5c6a86a2791,1
barberwendy,c811d446489c18ffe6a59173d162d5fb,0
hunterandres,06a50cb2bd1cc972963e6c2bf7a01fec,1
stephanie91,9536695bb1c9951a021fe32aebbc6721,1
andrewkramer,da4bf9f245cd524fcfcaa0b9ccc720fc,1
christopher96,26bb811f5ff9f80b40fa4b45ebe50d02,1
kelseyjohnston,6e437e03546098b9ce0e439687a4ed58,0
joshuamoore,c7c9eac262d0772b5766ddaa5a3acd03,1
brittanyperez,b0bb8a76bdd6024c2bf5e5e8d80ea327,0
nancyscott,da7c88d74764de1414c54b491cd1247a,0
dustin94,996eec8a1aaf9c91af5eaec8c6f321d1,1
christianvillanueva,aa9e24a803340d92b535356baef0efde,0
ldickson,2906f455ef73b2a69391abda23048cf5,0
monicasmith,158cddfada4dea35b6e76b30171c1205,0
wgregory,243c9748e79ae103e68c5c9f4edfbc5c,0
christopher94,bfd208fea12ed106702b0a889b6cbe2c,0
adamthomas,acbd65e80d548c87c228d04f08876223,1
joylowe,c3231d5afd3218ae210907aadc52aca9,0
fmartinez,d98267355bdb14055782b178ad3cf344,1
gordonstefanie,834563a5e385d6616f6a57812c62db38,1
stephenbeck,fc1c44dda1aff776924c3b5701953bed,1
phall,b0c62931b05fb8018eeb6cae56511c0b,1
emma31,6c6a282e4d6dbef73ee7224bae8d3cd4,1
tracy58,4ea4726fa92cc4207d141d8873182316,0
jeffery86,8ccd3c6a7de2790e219b815b6bd7c165,1
thompsondaniel,cef3ddb1e128cb7507e6899f8b8ce6eb,0
blackdillon,595922ec556b0d8b302680d7a0c10d6d,1
qthomas,0ffbccded69383181dff195d8947b35f,0
kathleenthompson,72c048e952270b90799157925fdca21a,0
bakerterri,83460336ac7e4332d77c79a99cfdd89b,1
whunt,c8cc2ddf1de5ae8b55c7db640ecbb505,1
yfitzgerald,3a8569fdbd24902dcac04b6e8f64f84f,0
kelseymarquez,5fb61145301915cf3cebee1ed663fa0c,1
dianatorres,c85748df062cd810f90b89cb0494348b,0
kblack,c6e6b8993ecacc7354d1ea7727a4e52e,0
nclark,cb981f77753f7750a06af601583597eb,1
gfritz,146f3adbefa32287d845f7ee40a8a1de,0
rmartinez,7291cdb1b2ab984d681e080de04a92f1,1
kcurry,01642eebb693e7779a2a2c517c9403d0,1
harrisjohn,85d74d70e88822e009f0ff1d0c369c04,1
jrussell,3b326c14413a4de8512c2cda4527be4d,1
aliciarobinson,77d455f0b586b61bde5afc6356f28553,1
leemichele,6d7494f1b5b898c5991374cde44e6be0,0
cassandrapierce,8b22b6c1e96105123fc363dce91425a0,0
pburke,e2e78caca1d349f36e358cb8dd7a9064,1
emily79,5860427fb9a52fcc111e3a52ff1f9eef,1
belltina,6426dc08879e0ab93b733035f9661719,1
jacquelinejohnson,1ff393ce1055c22bbd1b774b1c9e2d90,1
scottholmes,c0f28ad326b7279208ac35ebf6b669f4,1
margaretthomas,ec3f9fab93c1746ea29a141270517df3,0
mruiz,94439a117374cc5d31ded57278ad49e6,1
mary46,329ea56bd9fec665ab140a1db5a6b94d,0
joann41,e45aafa749f1db2b00a9efa82378266e,1
serranomitchell,a02564ef813c7e565ecd6434ac7c015b,1
hallderek,1a1d03cc88aa27f38e0b7f2ceb7e2347,1
melodywashington,d87048add4760cd5510ba7bd27d35cc6,1
zacharyschultz,3bf81c32e5d9f131c82c9d199876269a,0
darrellmorris,a9de690e4508108c96f5ec635fd89676,1
wardlisa,442d093ca7af57f2a821997ee605069d,1
jamesphillips,4ca39380e3ab2a2cf0b28a43d5f20e19,0
vcurtis,ec5a55b2e5d5a8d54bcc24baf1538432,1
jfoster,3984ecfc31cf571a7b81d35aed5715ef,1
ojones,8faeb046ad7652dbf63fc6e1f4ab74f5,1
alisongreer,4ea5e5d156e187cb8898dd09bbc119a8,0
lbell,f8b88f885c054237d06ca695bd9aa6a1,1
nancyjordan,1413aff23c6c28525bd45ff1fe082a21,0
darrylmoore,eeeab38d6f0ba54d88d0905bb3f54654,0
imoon,699ffea0f1f3b13e63af76d2cf4d1d93,0
cgiles,1793d608e132e68d7c0b72b9cc6fdfd8,1
karen91,96510b51c57efad693d404ee8d71baff,1
deborah11,1b48dd1f5811df3894dfa9c5d8020f65,0
csanchez,cb47b720638204d34e10f0347c886cc7,0
valenciafrances,9ac221460c8a4e54d0ecee069446a0d2,1
owensjordan,b25dceb8cb817ce2b846d8239423684f,0
jacqueline62,ab602540c9a0ce30bbf72d202e193961,1
colleenshelton,9bcdea7a970799dcba1e29a778e5e133,1
stephaniesantos,42af2f290f5938580d60d2a8c2bdbc33,0
alexanderthomas,92ab48d48275a8c3e6ffda2d68d6bfee,1
michellemata,8eeabd14ff4fd86c7b5c88264ce77ac3,1
carlosramirez,83c28154833dc326596866383c453ec2,1
cindy94,18e5eb32455928b7604e485a6f71d086,1
tbraun,fe9494c158c9a785b2042f1c436c3c69,0
thomastiffany,7029c7d8b3c724cdaf9513913a6e54bd,0
reedjonathan,9eb56ca4dfa10a0c67be597a20c482be,0
bmyers,050fc6f7bb5452349a2c2904625e4b02,1
denise31,d51a2ff41b4288be670923475a43d4ae,1
johnmills,d659714a027b5caccce76ed3b61e1c82,0
aflores,97ea9e553c6aedd6d7f1825932fa272e,0
robert88,c00dbba7ca7dc475d7efc6563a128458,0
jenniferbaldwin,fbcd4cd10128b849148ef94a18d8fa65,1
tbradshaw,1250cc51bad0b6c45fa9b7a7a30a716f,0
wallacecynthia,4f5c4119031415109d707d83a0890519,0
laurengreen,09a5c0b3d9431971c52ea8343e352f69,1
christopher27,bb102bdbd74888c291fd0d55e103acb3,0
hughesdawn,23261bb49f4aa78411ce106fada2a174,0
welchkelsey,5837478be3f60db6bba7b0883d5b5d4f,0
kmcdonald,0fcadc05a00b1cb61b52f125529caf98,0
ethansmith,dc272fe255b150d9a3ce255107f0454d,1
francojean,eae47c43b68760995378a39e416b3506,0
toddruiz,a30c5cb03110e5c9963bd91879dfbe53,0
fanderson,448323114078f84f449e9ad0bdb73f19,1
stephanie20,bc4cea3d9f4b65aead2fce45690401e3,1
matthewerickson,d3dc6a8620cf72de44456c65d7b8ab52,0
sandovalryan,aff09d3e27f69358f2aba63c8dc1eb04,0
christy35,0a6b78a5c9e5eb589757e39bdc89aa8c,0
ichan,e44d61de7f14e83d9c1a65b8e8d02b8c,1
wrightkathleen,97d38d1484497dfebcca9c32527f5049,0
ralexander,e9a1436c11d1bf9a50bcc4f1b852ba4a,1
ronald66,03e85b97ca00fe6c8d525e5f8d977557,1
brandy18,9db10d0b63dc5838e6690d6ecce00a0e,1
aanderson,f580b43d63d975ee9defef2adb40e2bd,0
ppena,df06ef29be20191c8bd05970e45cf4e7,1
gwalsh,b8a0fe72d841a7f36b7191461f85ce17,1
kevinrose,8bc00d6d0f457b65bdf1b193f557420b,0
aaron20,74ad649735bca2f08c96f8ffde97a788,1
morganmatthew,122e12ee4987640823704cea08ce88bc,1
johnkeith,4ede47d4b1245cf2e3c4e31dc86172ad,0
kgreen,e243a381e534e9b5e9f0007c22c7c4d0,1
gross,a629fcc7769f0cf6e1fe8103fbb6458c,0
rodriguezjenny,a763ad23cd83d5845aa395e808f6a4a5,1
amy84,6b9a574008cbcf585341b051999952b4,1
garciachristina,c4d17ef1433b6af1497399e299c3469a,1
sanchezmary,2299a40bed796e644013f1ea72d9164f,0
seanmartin,820f7763f60c908754083b8abfb22e19,1
rebecca27,99b787e7a35f6ed70e6827638ce22f5c,0
castroallen,447bea3d3616e3dfd1fda8ab66b61c83,0
garciachristopher,6afcf4d227eda62cb3f98f71dab50c7f,1
uclark,0a8f90001689e09b748cfd615bc69359,1
pperez,ac3aa50dd644395c0bf034d1b4bd3858,1
jacob09,4ec228bfdd25d1a106705983a5777aa9,0
mwaller,3c5de0b4890e149c5b98dcca2b8e85f3,1
justinpalmer,a8acbda4623fb6f7e752876d753da61d,0
wfuller,768530ddba31575b28a437734b32d64c,0
tgilmore,146393804c46f2d1f50d88024d1bf7da,0
melvin22,74647624db11d83b7f00c482c5736688,1
rachelmorris,e1dc5594e65f2c35ee70e5c06788520b,1
watsonchristy,a65f7cafd4e25da95286bae64fa88e7e,1
emma01,b36d5c5e5116a7a10490bf31785dcfdd,1
ldaniel,e30dc57934611014b2cbb894b027987f,1
lisabean,244bcbb46abfb7e1b8d90434d71199a2,1
andrea07,dd3f6e84902d2cda772ec8e31ca0f593,1
ymcclain,92108cb94996edcda3f5b6cf9a21a69c,1
mrichardson,181b1c5c46127b95afe2cd51754303d8,1
carlosbraun,5e8a0e0df81db390934d7a4892356f30,1
ballheather,ea832ed7a7d78ad334a92c0104e96e9e,1
naustin,e070d167c009a5939750a006c85de631,0
pattersonamy,83f7487976a3594db6fff6a4ffc41b0a,1
jocelyn03,ae3c8dd68d878ac578fdf9ee5c84524b,0
marie67,baf299d6079c9a6383201277c98c44a0,1
caleb01,ba7ea94d0329a5e3084027a057fb6a88,0
nicholas66,50cedeb5318fb0c8a48048432492b5e3,0
justinbonilla,d0ce4bb835e8339a737322b2772808b1,0
burtoncynthia,0fc50bbd71fc9868e51b6d9d46e0d7a3,0
rmoore,6e5f4b49a1d1983dd80ec21e7d54b722,1
zhardin,5e8d698fe795eb5decdc4792d0ff35f5,0
terry54,489bff3aef205fac8b990c6f17ff6914,1
lmeyers,b346b5f4e04e1d9707ff2b6096f1743d,0
michaelcoleman,60e18ca4a399fb51e5fbfa370610e29b,1
rcollins,54a1b804890c003f3f53fa3d024b4cc3,1
veronicahall,dde59d90414cd32901fab259023be88b,0
webereric,6035ec5dd3cdfd6fc975d45cab012960,1
xwiley,fa5e6fd5415f4b8c1d65a0c537bac83d,1
thompsoncassandra,140d4fb4e191f5aee589973f112f2d9f,0
deborahwhite,4284f70b52c2b15d8bf1293c11b468ad,1
lleonard,c347f60cb018bfd5a2bb35d5e65268a3,1
randy48,92e2d424e4d860d471c3719969231aa9,0
mooreeric,e38d5e0e5e2bac5c7aa87510d2d56ee5,0
guerrerothomas,9f3aa63aa23aaf8cfe6c4624c0fb84a0,0
jessica44,67413c59dedbf4ee43694c9135199c9d,1
rjohnson,6d95ee12a16f13a05eed2df6e172d218,0
kathleen10,1cb1c44b0954e3680dc6979385f2a4f6,0
jeffrey74,8b2be3438365b7ae5d38cf5afa4ac85c,1
nicholasjones,6940d80ba50ab5a1755e8a93698b90a1,1
williamssara,150102b76a341bb5ffaf3adbcf3cee64,0
adrian40,1df911738b7a227616ac01393beb9a8b,1
johnsonbradley,1adfa55ecbdadf87a7584878d1cde814,0
terrymiller,6fd56b72e22bcedd768de3656c9a101a,1
andrewnewton,8f58a67c69829531ac02321c08a56335,1
laurajones,05e52adc7a0859061582547a8cc665f3,1
lawsondonna,606d5ee2532eeabf8480ef2f6eb395cb,0
lorimichael,f26ad682102338c158daa5678ce6af9d,0
ubenitez,3c77b0ff257b720d64f71e395efffb20,0
ambertaylor,5d143508b7248e62ad7019ae4bdb299d,0
jessica68,2536aaa202bb2940d5a31538bf68d1c8,1
christopherhunter,2e3d5bea8206fb8e5bc042c14d631dab,1
crossangela,7d86bb43f69f116b192e9b92591d8316,0
danielvirginia,3201cc0e26043f951f5ad99add94a9bc,0
allison58,e353fa9b3501201ccaa13926c8f8ef9c,1
pstout,2a45ca919e98f0f074ca1409f4dea60e,1
hernandezrichard,e32b14bf9acee4a6dd13c58bc2a05527,0
jill58,ab1c91c3acd0495284bc253e8301143c,1
andrew02,9638dc45499abf3d83e81c1f819355fe,1
joy32,f9ed9c4db6ffb9ff0cb0ac7def85f2e6,0
darrellburns,f042589c625d15766309146f920e3341,0
restrada,5ececc52f47f41a36c214298011e7052,0
lisa02,3304228009f758d03ac7236964985458,0
lisa53,2e5d2f6232b5d6f2f452b61e56c6d9e3,0
shawtroy,aaf1e29ef2764ca629ec5b35046b3423,1
manuel19,f2a45cb14979652765ec09b2cf2ce7e3,1
michaelross,53b8787a3cfd128ccc5424b93460fd06,0
bernardkim,df488d8f8df4607454da5edbc53f3e3e,1
cgrant,6d1db688109a3ca921097da0136deb3b,0
jesse06,5ba57e2781bbd0063bc0b4054be2f5ca,1
kimberly24,f547b9f95df6ee7d1a4f8639285f663c,1
garnerjoseph,ad0601f46cc96703811d9c54bbea022d,1
forbesdeborah,794ed2122113d14ae292f7741fa7ee39,1
ayalajoseph,9610de52c2b8ad4aa75e04ce3d793283,1
jonhouse,87a88d4c17c43b589b24bfd0ce30d346,1
jacksonjames,a71dc4e4fb64fa8ea7c2a20c8356d298,1
russelllisa,cfb5917672000d9990398c258b98c799,0
scottanthony,bf9fc3bc90b17b9d4067aedd5055ba66,0
markwu,ed0114922288cdce32a6fc9ff24716a8,0
brandycardenas,9d2b67bad6b102999240d22c6982b1c6,1
daykaren,83f655b28c8fb6d5264294392fdf5ec6,1
shawnpayne,94a5bc99b9ad8a992df13e116953f328,1
vwatkins,e69b7c3d6eecff6818bee9886670b6e4,0
michael06,b94ac80b7a3b1603dcb1b85732d73f30,1
jacob36,37d7cae7e23ce8a48554c4865fedfb56,1
estradasarah,3d70aafb7ff7a28b23f874e2cdf354a5,0
zgutierrez,b7045498f132566873af40a8b5742398,0
ericpatterson,c9cf39b0f31e83589e5ce56025966781,0
vwilcox,d5149b730b39c3eff136e6371176a192,0
johnnyhaynes,78bd55154001d49955789202d72f3e27,1
rebekahsmith,7ff143e65c092f4502505b11313df083,0
coreymoore,7b1e6f815e27ea3c0c31f817595f12fb,1
raymondboyd,b086fe66a985a40f3b79c3ae6f0747b9,0
uflores,3a23739cfa1e650743aaf4cc9ecc60d0,0
hhenry,fec9f8151b460ea2a1f50739732133cc,1
catherine44,7b328da13cc09e7425ff05e2581bc65d,1
nicholas80,d86b6cdbe016e8eea5323ae85145ad67,0
gpineda,87b3b416d6167f8bcbac0bfe8d9a9b59,1
robertsimon,0e7249372e01319ccdefd745a4cbb5da,0
bbowen,b879a84942b06a79fd3b9343d0e3dcc1,0
zpeters,ed08ce229cbc20057e19d7b293d9b48f,0
jennifer00,22e8c2ded9cf0df4a2ed9c7f76f788e5,1
yshelton,de71ae35db59a76e192fbf2fd2b4af20,1
andrea87,5e72684268904fe2c72f0b28b73af732,1
zlane,dea3c87796a1f0aba4296a8d7ef61fd4,0
lawsonjason,0e09cfa8789fe8c589c0b50b3c9f8b86,0
gjones,3141a3fc9de35f045448abf1b66471ac,1
kristinachavez,1bfcbabce388131f96ce39c377180999,1
tonyacrawford,36d794e6d72b0b258079ff9bbea28e7a,0
jdalton,7b14765e0fcdbffe656ef4a56fac8dfb,1
qpatton,86a2efb60748b0272fc7bc17b60e39d9,1
hpeterson,434663c97a3c423dff57ed0ed80e2e37,1
kimberlyward,ce00fe088085e3041523b557f02c9374,1
phillip89,305f987180141bee3f1ee1fcf434483b,0
parkerdavid,c5e82a0d0a963f8f2253c9bd926dcbde,0
dustinpeck,e94cbca1b485b2a883a65d8ab4801bf3,0
bradleyburns,27491afdeb1c90fbc4f86e95a3433efd,0
berrybrent,d851dad3c714c6d88994ee3c1b24cc39,0
khart,b2269471fee5eb36581cecedd18a3b50,1
christopher52,e9172e82f4b7abd800e803baa78ffca3,0
cdurham,5d7199095011008ccbad31ba5776b746,1
dakota19,d4a9c3c2f110f107cb3b01dc92d4d944,1
torreskyle,3611872b9bd150b5afc6597991dec159,1
