nsullivan,0BjwpZN7123,0e044501587820538634551334355770,0
butlerjoseph,0Jh28Lv3IQPB,0e552943749576940357419042912841,1
freynolds,0e215962017,0e291242476940776845150308577824,0
zthomas,0eRnJWi9XnKd9Z7x,0e623435437885705149665265323886,1
kathleenfuller,0gdVIdSQL8Cm,0e366928091944678781059722345471,0
josephpacheco,0vmxarB4,0e186988543371148583868090628757,0
smorris,10256107981abc,0e243400796157423113837283456259,1
kcooper,10960244440abc,0e305228459314263578047228594216,0
tdaugherty,11179447938abc,0e344947368902513318408474762864,0
linda72,11187657333abc,0e813254788477647633410452292882,1
herreracassandra,11212753328abc,0e716441424049958126278352256805,1
grant52,11335162782abc,0e547122947481666997769759318604,0
savannah11,11523729071abc,0e996508862987600198783055599419,0
umorris,11617939534abc,0e036326027321699501765392445095,0
mathew03,11847635841abc,0e380955964361784173465938928024,0
danielle28,12265498497abc,0e653721635812112812812943623172,0
thomasallen,12565596238abc,00e78898863364769859211405104852,0
peggy10,13322874988abc,0e367008298083134506419670376044,1
zgarner,14348277284abc,0e319109816075038370127689322166,1
jwashington,1497860116abc,0e315567585179673605046363175016,0
brianrodriguez,15114095783abc,0e822765396463167654528278341080,0
conleycathy,15274915014abc,0e783012424459667950083283305224,0
campbellbarbara,15523483144abc,0e602791960841971081465365543947,0
robinsonjulie,1555669152abc,0e617227714709657599517443612891,0
megan62,15576098787abc,0e926479031443037930816674394927,1
wpark,15604861828abc,0e801531486059204958654274572109,1
courtney64,15850912158abc,0e866267011289417336160709880563,0
sabrinabryan,15912287060abc,0e270247480077585773093806255125,0
lewisabigail,16128310943abc,0e251010699814609150059298651594,0
emma71,16314514162abc,0e416048116282294014364090478654,0
zachary47,16437803022abc,0e594560521824817396348847883910,0
taylorgregory,16870216256abc,0e173598035202747038169248653523,0
sarahbrown,17074741781abc,0e335687398786074028235756402225,1
xhamilton,17216657328abc,00e35645438288769028980653614371,0
davidanderson,17325314577abc,0e139929756865576003496761656047,1
christinaedwards,17571820460abc,0e335940897938838066367666920873,1
ldalton,17947506058abc,0e984416266680031628239129598447,0
qvalenzuela,185108789abc,0e794171474557170256534703156406,1
kim09,1858521587abc,00e72032532215436671549609646555,1
josephmason,1869149637abc,0e597546911230096796627092116287,1
collinsgordon,18796055860abc,0e624809536100340000649884841662,1
gibsontoni,1925075138abc,0e721850619801609110843776277193,0
uberg,19628732327abc,00e48483801626536886347891518295,0
jeremy57,19685357846abc,0e142057241090737466770311436274,1
aprilrojas,1972366815abc,0e873615697730595069141037038322,0
hestertimothy,19962466137abc,0e819328685132355422690115557937,0
aaronhoffman,1LFn006Q123,0e785472232372057432595300925115,1
phelpskathy,1R7jqMIf6T7t,0e381567347928220347073343854712,0
brownrebecca,20516315088abc,0e872776281290784237889512792394,1
katieleonard,20684325385abc,0e812224828968442284187448348970,0
jessicajacobson,20799929446abc,00e03480391551416341892874480253,1
stephanie89,20808114424abc,00e01946411671129357374659098822,0
paula36,21053117211abc,0e250657216501310985890434036026,1
carlsonjeffrey,2110803526abc,0e324316378866338915127082973545,0
blackwelljoann,21443502060abc,0e748063611935621125290495444799,1
mhernandez,21531438378abc,0e467342769655470642006025754832,0
rileydavid,22222841574abc,0e800949314210590494919317196064,0
karen47,22224638037abc,0e146187037451850830854514821767,0
alexandra75,22733415200abc,0e405037745415128364073979856919,0
richard56,23399766546abc,0e362100417416497135530402824062,0
sarah03,23805815416abc,0e501008269688937896791823094306,1
zmullins,23826875820abc,0e362942997354612711163833810165,0
rstevenson,2392453052abc,0e854301621315436115803412220883,1
samanthawhite,24045130882abc,0e309859395651912513750295045593,0
stephaniejackson,240610708,0e462097431906509019562988736854,0
christianhuynh,2918733273abc,0e406440220827534030793589817604,0
brendalopez,2994049757abc,0e854871064450301583802284574846,0
pmartinez,2PefxVf2JmrwxjDH,0e755309175686000342207575969583,1
hschmitt,2Pwkeubj,0e560020969989064619038976414043,1
blackjacqueline,2mtWoQi2123,0e543327146834766330479762636361,1
clarkejennifer,2to8EzXf123,0e737053257198387832139845832107,0
dylanclark,2zAHe1rdabc,0e189656022638320797038370318080,1
michael16,3059308342abc,0e539867938634472786162363004017,1
kmartinez,3061062669abc,0e593673401700428688569077614998,0
catherinegallagher,3835864647abc,0e297286500374769026178954144027,0
gmorrison,3879835392abc,0e141015911386205195500441535077,0
robertgay,3lciznK1MgbK,0e247293857347608753400314349379,0
shelbyanderson,4197210551abc,00e82096161841492866588321968925,0
joshua52,4242350881abc,0e388749757863557269908950425287,1
vbenitez,4485977173abc,0e432209500614354902575946950322,0
websterrandy,4496325471abc,0e604068520122076280668967858366,1
leahhowe,5123561735abc,0e192448656819689579663402632707,0
murphytimothy,59D0hkMBabc,0e502227416694497770293038177364,0
yphillips,5TACbn8q,0e443422076694146802360513332568,0
coopergary,5lYWomyrSgBi,00e82203671254360601934759406438,0
castrosherry,6403253139abc,0e274197734240132194727708634185,1
connerchristine,66vlF0EMuo5k,0e085518389086878134845564489741,1
melissanavarro,6916220907abc,0e307167574261776673343869112344,1
erin71,6990389311abc,00e88956891734436705233439493533,1
rfuentes,6KwzsyoreGnR,0e536008331452600778000468162358,0
zcampbell,6d8dhWXScJlW,0e483349222849501401479573947729,1
lambstanley,6owX9vXc,0e305137237314174269404155016688,1
andersonlori,7112481172abc,0e749867623348378807452842903266,1
kenneth27,76AG0EeoTxu3,0e096469501119857795175476384647,0
usmith,78AgQHL8,0e478298083613316107459305907098,0
robertjohnson,7918079408abc,0e528897339634309832329446871491,0
stephanieaguirre,7939510714abc,0e168206357901180846780308585276,1
christianhancock,79OY8c7V,0e359187161304157539287509886370,1
ikane,7KvnOhF3vtmgcyge,0e067163562252210316413100043115,1
rebeccaunderwood,8663425573abc,0e031729089305784425967546239820,1
david85,8694784443abc,0e620972654966689357367428978261,1
lisadavis,8786373522abc,00e52107084201969352753385017214,0
harrisveronica,8787384034abc,0e702565155023090652395402995100,1
anthonyvincent,8Fpj5VMB123,0e741295853435965863207597011970,1
joseph94,8U9HKAWrsUUv,0e293700057145223332148823634539,0
vkerr,8aNwhejGhaBg,0e439849245165078778802700229873,1
collinssean,9497974656abc,00e39786989574093743872279278460,0
nancydoyle,94da2KWOk2sD,0e522608713252938409614536178159,0
msmith,9992473350abc,0e142081229903926924291387418884,1
zritter,9e3LZMOOabc,00e70153057673217277726511013604,0
jason95,9fz88QmI123,0e496211813875839888884424527615,1
lauren24,ABJIHVY,0e755264355178451322893275696586,1
lisaarroyo,BEuySPZ6,00e42536511573327958837976762330,0
jill24,BRTKUJZ,00e57640477961333848717747276704,1
jennifer92,C0zcSWqwKEoWEAgk,0e373876668454513642191223584240,1
ejohnson,C25B40bwF7oH,0e107651412534430122444310727335,1
sarajenkins,Ci85vdBF8fyf,0e183864284211506298675869366648,0
rhodesjohn,DQWRASX,0e742373665639232907775599582643,0
robinsonjulia,DYAXWCA,0e424759758842488633464374063001,1
mejialisa,Djst8DgPCt0y,0e773867529498181462358489286152,0
katiechapman,EEIZDOI,0e782601363539291779881938479162,1
sawyersamuel,FACZ2TxDgCyk,0e129393501994211217408976885339,1
jason07,FfHd0M7m,0e476654702450299632468777628354,0
smithbrandon,Fmo7iEYs,0e484554157094397182863571767172,0
georgefischer,Ft9HwN0QBVQd,0e863279948237803864005992417634,0
abigailandrews,GEGHBXL,0e248776895502908863709684713578,1
hernandezmeghan,GGHMVOE,0e362766013028313274586933780773,0
stephensonchristine,GGUZOaL5,00e58461571023902835312409167773,0
patricia39,GTJ3YSmZ,0e803473473049474745461468508663,1
alexander65,GZECLQZ,0e537612333747236407713628225676,1
murphyjoshua,GvhhzTLwb98D,0e070302641246420537823173917716,1
lori49,H0UPp7mFA9SF,0e525419864591945406262998227563,0
michaelcummings,ICWjpZq4123,0e422968855943552648298065071887,0
osmith,IHKFRNS,0e256160682445802696926137988570,1
thompsonashley,JH4cGnwKzd0y,0e545428394516071575146741684795,1
wongalexander,JlJHHNWI3Oe6,0e027927343820705863215577441770,0
salinasdavid,Jyh3kN7Xabc,0e198025597575623710806613358516,1
uharper,K08pPwHR123,0e817727734884247252571224878771,0
debrarodriguez,K7sy5q0K1RWS,0e987529109273801660943537750499,0
fosterlisa,KTd1dW5B,0e198979323667213428501216296281,1
meganjohnson,KXsU0AZ2PtRe,0e448778299130864449509797129898,0
crystal83,KYJpq8HC7bMc,0e111920379913940272046936631348,0
caitlin06,KiltBPlHabc,0e348492516167418545313808687992,0
opalmer,KnCM6ogsNA1W,00e73414578113850089230341919829,1
monroejames,LIgjRwsEBV0G,0e476487496670573057723083165712,1
kluna,LIkyqkm1p3JR,0e849446873586376930140138357778,0
jasongonzalez,LStnc2MAKdWe,0e782794441322544756268380726651,0
katherine54,Lsr64tNcmLTS,0e150502868747909945772373520877,1
henryle,MAUXXQC,0e478478466848439040434801845361,1
brian61,MFGELCHzOwZK,0e767295899498195380697332834436,1
ymartin,MMHUWUV,0e701732711630150438129209816536,1
roberthughes,MXit2K87,0e852788235864983815562559528091,1
sstephenson,NOOPCJF,0e818888003657176127862245791911,1
samantha98,NSYJnMQH,0e195403329629357635131280129190,1
jasonross,NWWKITQ,0e763082070976038347657360817689,1
ashleymiller,NbYRn94SKyl1,0e660660945958452603316386908123,1
hernandezfrederick,NxXhPUelabc,0e036659406784394461138665096966,0
floresdavid,OvjvwiDH6z21j5Sw,0e480801274702183837296236500883,1
amyscott,OxF5b8X0,0e173098816894413857288672198362,1
devin83,OzUb7aAz123,0e184853692391088898314763670081,1
xhensley,PB16DdlZwFLcGZkt,0e303732628701743861345481400946,0
waltonbridget,PJNPDWY,0e291529052894702774557631701704,0
matthewgarcia,Pd4VRbrD,0e506708520150717331405863398954,1
travis40,PlaWrKGMu9yG,0e256360390695420880362675136584,0
heidi54,PreenuaHabc,0e122350164991741065745632471658,0
sabrinahall,Pz68mMqTxewH,0e883694193916844326948973611295,1
jacobgray,Q21oc4jl,00e59768136635402005534872511270,1
elizabeth56,QLTHNDT,0e405967825401955372549139051580,1
wileyelizabeth,QNKCDZO,0e830400451993494058024219903391,1
qcohen,Qxs2daYW123,0e556485729818849153460746667456,0
williamdoyle,RWwHo8GU,0e800840643855010037448881984204,0
porterrobert,RpqbhtSd,0e069966635722217754458175456433,1
harry14,SJZQeL9hZ5AA,0e424294048497888001893529971403,0
gordon43,Scsi7yFq,0e114567529312736809898655684693,1
chrisowen,Skzvax124xBb,0e105556476792017677021745158651,0
ronald51,SusrEb62123,0e595382716541638596212874739421,1
stevenburton,T0uUfK2Q8cik,0e118384241771571176356368427884,0
utate,TndUWGEO,0e077574071545040399080277481258,0
timothy40,UEGAbLWdsx7C,00e51572240181368011633518322412,0
evaughn,UEaXPm4IIDp3,0e461721121374870411609769578212,1
ewatkins,VHOKxRal,0e487980017935959146955103358106,0
meltonjesse,VW2zJhj2i8HR,0e252975277424098750450405547604,0
colemancourtney,VXx8wjPoabc,0e356074966114130738099348064155,0
powelljudy,VgH4VvsR,0e312689870610735311595882253536,1
jeremy32,VnKk0FwwuNOBdgxF,0e010133950146407417801169748688,0
herringamanda,W34mwVgBMxjTlefK,0e520891067050733616611692220497,1
kennethwashington,WsDxECzeZtT3mLhW,0e725420191847615995846416099824,0
ryanhernandez,X5lXiPmhezin,0e466682363807826912169538795680,0
teresawhite,XJFYZ1MgeUcb,00e93967150195561843942349513469,0
catherine31,Y19PxQ8ibTgih84w,00e73400130860032588503590621328,0
fitzgeraldtim,Ylp5Ocx5YCMV,0e176345976414440291009492284364,1
nmitchell,YpQEENSk,0e488409725759048219123793610673,0
clarkcynthia,YuLcwLYfhTO5sY5t,0e140024319784642702848046984729,1
tgreen,YyxzqY6a,0e819140131532955467068164761808,0
jeffrey95,ZUkMJPx7C8lMsrfq,0e771599882535532352154962129065,0
jennifer17,aaaXXAYW,0e540853622400160407992788832284,0
benjamindavis,aabC9RqS,0e041022518165728065344349536299,0
vanessa54,aabg7XSs,0e087386482136013740957780965295,0
danielle55,abc1000899060,0e121736315773876437379216153500,0
renee63,abc1096253689,0e664068263703106696555209425934,0
longcourtney,abc159086795,0e689047178306969035064392896674,1
richard90,abc3J860LpJ,0e080088278595668260174306546072,1
edwardsryan,abc881841043,0e367041900543441029563124937228,1
conleybrent,abc972586338,0e841063432530790836849441220265,0
tamara53,af8UF09z8S5B,0e880812032272171076911479094143,1
gallagherelizabeth,bGD8jha8AlSC,0e825110131238975934097747438094,0
dawn40,bl5jW6fq,0e115397152828094255399175796659,0
murraycynthia,bu8uE3Fl,0e453460869789584366816848139486,0
ulewis,cDW4xuJL,0e933875473827131465822233669180,1
asmith,d3C4XzcYYJ0w,00e67972772076279757422607754851,1
ashleyfrazier,e0KyIrYv123,0e500224269544123175766985355431,1
daviskatrina,etqaTTFXeujI,0e873986795817250807369213941548,1
michellecrawford,f6y7VrJlOBsI,0e914949007364385803648138798605,0
ariel58,fQvn3oAoYNfo,0e935872100939536813194636270943,0
tricia79,fh70QgaGIfYM,0e564472166873750526572156675923,1
sanchezjoyce,g155P1dr,0e534079230239544746143741629773,0
coreygarcia,gfxggQd5tJx3,0e731449381626093091793513404050,1
lawrencejessica,guhYyTRpeNNP,0e442794795707185857719335366936,1
cchavez,hfJTGEAZ123,0e177211772494730590339712709975,0
nsmith,iTnEeQohhello,0e332147125486889608048401650413,1
jacqueline32,iqoXekZZ123,0e438737781298657871500284163488,1
angela69,jDg4hnyPwqal,0e905060392130117790735726467859,0
ellisashley,jEYhN8lOhello,0e710095326463708330672374397326,1
qbaker,kFuiNituEBtYTL7s,00e98964689272988335938577613800,0
joann59,kVKbJsbc123,0e859245628205631785434879617996,0
sydney84,kZCLJqaExeldVpj0,0e656721453248642852483628066363,0
lgriffin,knSWWnP0,0e140990768077153268467404324379,0
marcus16,lFl7hFE2fZ89,0e038598152105620891422974861596,0
julia15,lM1Fp8kF,0e915357242539743090226437664036,0
grantashley,leEyBd5B7q3amjyG,0e394953505745405474013722050568,1
kaitlyn18,lmLJCjcu123,00e95071710439957711401540424572,0
porterjoel,lnSZ37Sm123,0e922464428506711335483475014517,0
kristen43,nBUfGXMDBmmV,0e741385010207011839626710019143,1
emorrison,nJfp4BgODANP,0e326317707028499177830478236923,0
mark99,nOUkHUoLI7bA,0e126165465744024844602201925305,1
daniel12,nsprPZysabc,0e341461330988275329454281437426,0
wbryant,oG9gOwMNUcA9,0e102856367633866248822822538173,1
colleen32,pYNVpF5a,0e484887635913963065228367725792,0
eowens,pqAZSHfYIwHF,0e773939104686777110859301993365,0
millergloria,pumLyoapZAA9UDNG,00e97704981801156036802648235478,1
angelarowe,qJ8xFsPo123,0e515036189105890288123873478095,1
tammy55,qXw0rVneiXQ0,0e894353687104732687786635214136,0
reyesmatthew,qxjnlTwI,0e048020066397263986081879034441,1
nicole08,r3VyM4vgXTwp,0e971379756057125072238845041250,0
luis49,rKARPSz2,0e096571847500387036158576110981,1
charles50,rhqc1eNRz0jz,0e400599098878084994964989437950,1
lguerra,rr6HVrfwfQRK,0e390310578034127565575710199239,0
rachel44,sQcRTBkePLSY,0e576163277785256730155739473379,0
ksmith,sSdSBgPG,0e001545189745179000556196073262,1
michaelhall,salhSYmG,00e97132148382355738347146842033,1
jameslaura,smEUAHT8,0e111217423736819813153471728528,0
nguyenerika,suerFfjLQRmk,0e060125509800398574391675067075,0
ncoffey,szOv6WxNabc,0e010526382013967594190209865063,1
stevendominguez,uFcxczXN123,0e255129593297009930789193140071,0
qhoffman,vUU5Myur,0e401671111555918816845394123278,0
tayloralex,vlDTUqqgLrWT,0e171135099557940497066539413538,0
xwarren,wzXzQTGIx9VU,0e296679956971343764470376014802,0
laurie57,x3nHz0Tb1fId6UkI,0e389404952944040555093072566533,0
joseph30,xpRHlEh2123,0e464936732132913684369711837743,1
scottzimmerman,xqtlmRSdIANTlm1H,0e744254988746519482021441207857,0
hflores,yLqGVDwZ,0e384442561191367756099756925488,0
jenniferwilson,z5w4fxbnwoRP,0e676399623216539720736975162129,1
anthonyquinn,zLnCfDklbnUmxqPX,0e584534642350465243534981705206,1
